<?xml version="1.0" encoding="UTF-8" ?>
<templates xml:space="preserve">


 <t t-inherit="web.NavBar" t-inherit-mode="extension" owl="1">
        <xpath expr="//nav[hasclass('o_main_navbar')]" position="replace">
            <nav  class="o_main_navbar"  data-command-category="navbar" >
                <!--移动端适配-->
                <div id="o_navbar_search" style="min-width:46px;width: 187.5px;background:#009496;" class="layout-sidenav-toggle navbar-nav d-lg-none align-items-lg-center mr-auto">
                        <a class="nav-item nav-link px-0 mr-lg-4" href="javascript:" style="color:#fff;text-align:center;padding:10px 0;font-size: 14px;">
                            <i class="ion ion-md-menu text-large align-middle"></i>
                        </a>
                </div>
           <!-- Systray -->
            <div class="o_menu_systray d-flex flex-shrink-0 ms-auto" role="menu">
              <div class="form-group" style="width:100%;margin-right:10px">
                      <div class="input-group" style="margin-top:5px;margin-left:5px">
                          <input type="text" id="keywords" class="form-control" placeholder="输入单号..."/>
                          <span class="input-group-append">
                              <button class="btn btn-primary" type="button" onclick="global_search()"><i class="ion ion-ios-search"></i></button>
                          </span>
                      </div>
                  </div>
              <t t-foreach="systrayItems" t-as="item" t-key="item.key">
                <!-- This ensures the correct order of the systray items -->
                <div t-att-data-index="item.index"/>
                <ErrorHandler onError="error => this.handleItemError(error, item)">
                    <t t-component="item.Component" t-props="item.props"/>
                </ErrorHandler>
              </t>
            </div>
          </nav>
        </xpath>
  </t>

</templates>
